--DDL
CREATE TABLE LIGA_PILOTO.Liga(
    liga integer PRIMARY KEY,
    nombre CHAR(250 CHAR) NOT NULL,
    fecha_inicio Date NOT NULL,
    fecha_fin Date NOT NULL
) TABLESPACE LIGAPILOTOTBS;


CREATE TABLE LIGA_PILOTO.Jornada(
    jornada integer PRIMARY KEY,
    numero integer NOT NULL,
    Liga_liga integer NOT NULL
)TABLESPACE LIGAPILOTOTBS;

CREATE TABLE LIGA_PILOTO.Equipo(
    equipo integer PRIMARY KEY,
    nombre char(300 char) NOT NULL
)TABLESPACE LIGAPILOTOTBS;

CREATE TABLE LIGA_PILOTO.Jugador(
    jugador integer PRIMARY KEY,
    nombre char(300 char) NOT NULL,
    goles integer NOT NULL,
    Equipo_equipo integer
)TABLESPACE LIGAPILOTOTBS;


CREATE TABLE LIGA_PILOTO.Partido(
    partido integer PRIMARY KEY,
    fecha date NOT NULL,
    goles_local integer NOT NULL,
    goles_visita integer NOT NULL,
    Jornada_jornada integer NOT NULL,
    Equipo_equipo integer NOT NULL,
    Equipo_equipo1 integer NOT NULL
)TABLESPACE LIGAPILOTOTBS;

--DML
INSERT INTO LIGA_PILOTO.Liga VALUES (1,'Liga BBVA','01-07-2019','31-05-2019');

INSERT INTO LIGA_PILOTO.Equipo VALUES (1,'Villarreal');
INSERT INTO LIGA_PILOTO.Equipo VALUES (2,'Valencia');
INSERT INTO LIGA_PILOTO.Equipo VALUES (3,'RealMadrid');
INSERT INTO LIGA_PILOTO.Equipo VALUES (4,'Atlético de Madrid');
INSERT INTO LIGA_PILOTO.Equipo VALUES (5,'Barcelona');

INSERT INTO LIGA_PILOTO.Jugador VALUES (1,'Karim Benzema',14,3);
INSERT INTO LIGA_PILOTO.Jugador VALUES (2,'Sergio Ramos',5,3);
INSERT INTO LIGA_PILOTO.Jugador VALUES (3,'Toni Kroos',3,3);
INSERT INTO LIGA_PILOTO.Jugador VALUES (4,'Luka Modric',3,3);
INSERT INTO LIGA_PILOTO.Jugador VALUES (5,'Casemiro',3,3,1);
INSERT INTO LIGA_PILOTO.Jugador VALUES (6,'Vinícius Júnior',2,3);
INSERT INTO LIGA_PILOTO.Jugador VALUES (7,'Gareth Bale',2,3);
INSERT INTO LIGA_PILOTO.Jugador VALUES (8,'Federico Valverde',2,3);
INSERT INTO LIGA_PILOTO.Jugador VALUES (9,'Marcelo',0,3);
INSERT INTO LIGA_PILOTO.Jugador VALUES (10,'Luka Jovic',2,3);
INSERT INTO LIGA_PILOTO.Jugador VALUES (11,'Lucas Vázquez',2,3);
INSERT INTO LIGA_PILOTO.Jugador VALUES (12,'Eden Hazard',1,3);
INSERT INTO LIGA_PILOTO.Jugador VALUES (13,'Thibaut Courtois',0,3);

INSERT INTO LIGA_PILOTO.Jugador VALUES (14,'Lionel Messi',19,5);
INSERT INTO LIGA_PILOTO.Jugador VALUES (15,'Luis Suárez',11,5);
INSERT INTO LIGA_PILOTO.Jugador VALUES (16,'Antoine Griezmann',8,5);
INSERT INTO LIGA_PILOTO.Jugador VALUES (17,'Arturo Vidal',6,5);
INSERT INTO LIGA_PILOTO.Jugador VALUES (18,'Sergio Busquets',2,5);
INSERT INTO LIGA_PILOTO.Jugador VALUES (19,'Gerard Piqué',1,5);
INSERT INTO LIGA_PILOTO.Jugador VALUES (20,'Ousmane Dembélé',1,5);
INSERT INTO LIGA_PILOTO.Jugador VALUES (21,'Sergi Roberto',1,5);
INSERT INTO LIGA_PILOTO.Jugador VALUES (22,'Ivan Rakitic',0,5);
INSERT INTO LIGA_PILOTO.Jugador VALUES (23,'Samuel Umtiti',0,5);
INSERT INTO LIGA_PILOTO.Jugador VALUES (24,'Marc-André ter Stegen',0,5);
INSERT INTO LIGA_PILOTO.Jugador VALUES (25,'Rafinha',2,5);

INSERT INTO LIGA_PILOTO.Jugador VALUES (26,'Álvaro Morata',8,4);
INSERT INTO LIGA_PILOTO.Jugador VALUES (27,'Ángel Correa',5,4);
INSERT INTO LIGA_PILOTO.Jugador VALUES (28,'João Félix',4,4);
INSERT INTO LIGA_PILOTO.Jugador VALUES (29,'Saúl Ñíguez',3,4);
INSERT INTO LIGA_PILOTO.Jugador VALUES (30,'Vitolo',2,4);
INSERT INTO LIGA_PILOTO.Jugador VALUES (31,'Koke',2,4);
INSERT INTO LIGA_PILOTO.Jugador VALUES (32,'Diego Costa',2,4);
INSERT INTO LIGA_PILOTO.Jugador VALUES (33,'Tomas Partney',2,4);
INSERT INTO LIGA_PILOTO.Jugador VALUES (34,'Felipe',1,4);
INSERT INTO LIGA_PILOTO.Jugador VALUES (35,'Marcos Llorente',1,4);
INSERT INTO LIGA_PILOTO.Jugador VALUES (36,'Jan Oblak',0,4);
INSERT INTO LIGA_PILOTO.Jugador VALUES (37,'Antonio Adán',0,4);

INSERT INTO LIGA_PILOTO.Jugador VALUES (38,'Maxi Gómez',9,3);
INSERT INTO LIGA_PILOTO.Jugador VALUES (39,'Daniel Parejo',8,3);
INSERT INTO LIGA_PILOTO.Jugador VALUES (40,'Kevin Gameiro',5,3);
INSERT INTO LIGA_PILOTO.Jugador VALUES (41,'Ferrán Torres',4,3);
INSERT INTO LIGA_PILOTO.Jugador VALUES (42,'Rodrigo Moreno',2,3);
INSERT INTO LIGA_PILOTO.Jugador VALUES (43,'Carlos Soler',2,3);
INSERT INTO LIGA_PILOTO.Jugador VALUES (44,'Denis Cheryshev',1,3);
INSERT INTO LIGA_PILOTO.Jugador VALUES (45,'Daniel Wass',1,3);
INSERT INTO LIGA_PILOTO.Jugador VALUES (46,'Gonçalo Guedes',0,3);
INSERT INTO LIGA_PILOTO.Jugador VALUES (47,'Ezequiel Garay',0,3);
INSERT INTO LIGA_PILOTO.Jugador VALUES (48,'Jaume Costa',0,3);
INSERT INTO LIGA_PILOTO.Jugador VALUES (49,'Francis Coquelin',0,3);

INSERT INTO LIGA_PILOTO.Jornada VALUES (1,1,1);
INSERT INTO LIGA_PILOTO.Jornada VALUES (2,2,1);
INSERT INTO LIGA_PILOTO.Jornada VALUES (3,3,1);
INSERT INTO LIGA_PILOTO.Jornada VALUES (4,4,1);
INSERT INTO LIGA_PILOTO.Jornada VALUES (5,5,1);
INSERT INTO LIGA_PILOTO.Jornada VALUES (6,6,1);
INSERT INTO LIGA_PILOTO.Jornada VALUES (7,7,1);
INSERT INTO LIGA_PILOTO.Jornada VALUES (8,8,1);
INSERT INTO LIGA_PILOTO.Jornada VALUES (9,9,1);
INSERT INTO LIGA_PILOTO.Jornada VALUES (10,10,1);
INSERT INTO LIGA_PILOTO.Jornada VALUES (11,11,1);

INSERT INTO LIGA_PILOTO.Partido VALUES (1,'07-07-2019',2,3,1,2,3);
INSERT INTO LIGA_PILOTO.Partido VALUES (2,'09-07-2019',4,1,1,4,5);
INSERT INTO LIGA_PILOTO.Partido VALUES (3,'08-08-2019',0,0,2,2,4);
INSERT INTO LIGA_PILOTO.Partido VALUES (4,'10-08-2019',0,1,2,3,5);
INSERT INTO LIGA_PILOTO.Partido VALUES (5,'06-09-2019',1,2,3,5,2);
INSERT INTO LIGA_PILOTO.Partido VALUES (6,'07-09-2019',5,1,3,4,3);
INSERT INTO LIGA_PILOTO.Partido VALUES (7,'10-10-2019',2,3,4,3,2);
INSERT INTO LIGA_PILOTO.Partido VALUES (8,'12-10-2019',4,1,4,5,4);
INSERT INTO LIGA_PILOTO.Partido VALUES (9,'16-11-2019',0,0,5,4,2);
INSERT INTO LIGA_PILOTO.Partido VALUES (10,'13-11-2019',0,1,5,5,3);
INSERT INTO LIGA_PILOTO.Partido VALUES (11,'19-12-2019',1,2,6,5,2);
INSERT INTO LIGA_PILOTO.Partido VALUES (12,'20-12-2019',5,1,6,4,3);
INSERT INTO LIGA_PILOTO.Partido VALUES (13,'07-01-2020',2,3,7,2,3);
INSERT INTO LIGA_PILOTO.Partido VALUES (14,'09-01-2020',4,1,7,4,5);
INSERT INTO LIGA_PILOTO.Partido VALUES (15,'08-02-2020',0,1,8,2,4);
INSERT INTO LIGA_PILOTO.Partido VALUES (16,'10-02-2020',3,4,8,3,5);
INSERT INTO LIGA_PILOTO.Partido VALUES (17,'06-03-2020',0,2,9,5,2);
INSERT INTO LIGA_PILOTO.Partido VALUES (18,'07-03-2020',3,1,9,4,3);
INSERT INTO LIGA_PILOTO.Partido VALUES (19,'10-04-2020',0,3,10,3,2);
INSERT INTO LIGA_PILOTO.Partido VALUES (20,'12-04-2020',3,3,10,5,4);
INSERT INTO LIGA_PILOTO.Partido VALUES (21,'16-05-2019',0,0,11,4,2);
INSERT INTO LIGA_PILOTO.Partido VALUES (22,'13-06-2019',0,1,11,5,3);

COMMIT;

SELECT * FROM LIGA_PILOTO.PARTIDO;
SELECT * FROM LIGA_PILOTO.EQUIPO;
SELECT * FROM LIGA_PILOTO.JUGADOR;
SELECT * FROM LIGA_PILOTO.LIGA;
SELECT * FROM LIGA_PILOTO.JORNADA;